Bytes;L1 Misses;L2 Misses;L3 Misses;Total Instructions;RAM Accesses p/ Instruction;Time (s);FLOP;GFLOPS;Operational Intensity;
4000000;43774395;11217672;1059900;4772027197;0.000222;1.042536;2000000000;1.918399;29.483913
4000000;43781010;11238457;1124835;4772023560;0.000236;1.041616;2000000000;1.920093;27.781853
4000000;43791658;11383244;1055576;4772023560;0.000221;1.041073;2000000000;1.921095;29.604691
4000000;43800760;11190273;1113671;4772023560;0.000233;1.042153;2000000000;1.919104;28.060352
4000000;43860479;11027493;1032486;4772023559;0.000216;1.039760;2000000000;1.923521;30.266754
4000000;43780429;11222922;1119076;4772023563;0.000235;1.041614;2000000000;1.920097;27.924824
4000000;43845706;11049769;1039694;4772023559;0.000218;1.040314;2000000000;1.922496;30.056921
4000000;43826333;11086954;1062785;4772023559;0.000223;1.040686;2000000000;1.921809;29.403877

